{"cameraMode":{"drawMode":0,"name":"Shaded","section":"Shading Mode"},"sceneLighting":false,"audioPlay":false,"sceneViewState":{"m_AlwaysRefresh":false,"showFog":true,"showSkybox":false,"showFlares":true,"showImageEffects":true,"showParticleSystems":true,"showVisualEffectGraphs":true,"m_FxEnabled":false},"in2DMode":false,"pivot":{"x":0.11281460523605347,"y":0.724729061126709,"z":-0.9802249670028687},"rotation":{"x":-0.0035325768403708936,"y":-0.9693695902824402,"z":0.24526019394397736,"w":-0.013952548615634442},"size":1.108947992324829,"orthographic":false}