{"cameraMode":{"drawMode":0,"name":"Shaded","section":"Shading Mode"},"sceneLighting":true,"audioPlay":false,"sceneViewState":{"m_AlwaysRefresh":false,"showFog":true,"showSkybox":true,"showFlares":true,"showImageEffects":true,"showParticleSystems":true,"showVisualEffectGraphs":true,"m_FxEnabled":false},"in2DMode":false,"pivot":{"x":-1.8488563299179078,"y":-2.0248117446899416,"z":-0.1849513053894043},"rotation":{"x":0.000058105641073780134,"y":0.9795125722885132,"z":-0.2014234960079193,"w":0.0002956964308395982},"size":5.196152210235596,"orthographic":false}